{"cameraMode":{"drawMode":0,"name":"Shaded","section":"Shading Mode"},"sceneLighting":true,"audioPlay":false,"sceneViewState":{"showFog":true,"showMaterialUpdate":false,"showSkybox":true,"showFlares":true,"showImageEffects":true,"showParticleSystems":true},"in2DMode":false,"pivot":{"x":861.0162353515625,"y":522.4187622070313,"z":-449.2652282714844},"rotation":{"x":-0.10679706186056137,"y":-0.15387338399887086,"z":0.016727717593312265,"w":-0.9821683764457703},"size":1110.8114013671875,"orthographic":false}