{"cameraMode":{"drawMode":0,"name":"Shaded","section":"Shading Mode"},"sceneLighting":false,"audioPlay":false,"sceneViewState":{"showFog":true,"showMaterialUpdate":false,"showSkybox":false,"showFlares":true,"showImageEffects":true,"showParticleSystems":true},"in2DMode":false,"pivot":{"x":0.0,"y":0.4300000071525574,"z":-1.043081283569336e-7},"rotation":{"x":-0.0646926611661911,"y":0.046980854123830798,"z":-0.0030492471996694805,"w":-0.9967957735061646},"size":1.7661939859390259,"orthographic":false}