{"cameraMode":{"drawMode":0,"name":"Shaded","section":"Shading Mode"},"sceneLighting":false,"audioPlay":false,"sceneViewState":{"showFog":true,"showMaterialUpdate":false,"showSkybox":false,"showFlares":true,"showImageEffects":true,"showParticleSystems":true},"in2DMode":false,"pivot":{"x":3.900129795074463,"y":7.22114372253418,"z":-2.315067768096924},"rotation":{"x":0.052614420652389529,"y":0.9414024949073792,"z":-0.17452722787857057,"w":0.2838006019592285},"size":2.3334522247314455,"orthographic":false}