{"cameraMode":{"drawMode":0,"name":"Shaded","section":"Shading Mode"},"sceneLighting":false,"audioPlay":false,"sceneViewState":{"showFog":true,"showMaterialUpdate":false,"showSkybox":false,"showFlares":true,"showImageEffects":true,"showParticleSystems":true},"in2DMode":false,"pivot":{"x":-3.552185535430908,"y":3.029864549636841,"z":3.07688045501709},"rotation":{"x":0.025173500180244447,"y":0.03358010947704315,"z":0.0008462074911221862,"w":-0.9991199970245361},"size":20.506980895996095,"orthographic":false}