{"cameraMode":{"drawMode":0,"name":"Shaded","section":"Shading Mode"},"sceneLighting":false,"audioPlay":false,"sceneViewState":{"showFog":true,"showMaterialUpdate":false,"showSkybox":false,"showFlares":true,"showImageEffects":true,"showParticleSystems":true},"in2DMode":false,"pivot":{"x":1.0700000524520875,"y":8.868490219116211,"z":-2.7489829063415529},"rotation":{"x":0.005466905888170004,"y":0.9741074442863464,"z":-0.02368454448878765,"w":0.22479625046253205},"size":6.245331287384033,"orthographic":false}