{"cameraMode":{"drawMode":0,"name":"Shaded","section":"Shading Mode"},"sceneLighting":false,"audioPlay":false,"sceneViewState":{"showFog":true,"showMaterialUpdate":false,"showSkybox":false,"showFlares":true,"showImageEffects":true,"showParticleSystems":true},"in2DMode":false,"pivot":{"x":0.01677316427230835,"y":2.4303412437438967,"z":-0.004524707794189453},"rotation":{"x":-0.1868482083082199,"y":0.1166931688785553,"z":-0.022358842194080354,"w":-0.9751788377761841},"size":8.096248626708985,"orthographic":false}