{"cameraMode":{"drawMode":0,"name":"Shaded","section":"Shading Mode"},"sceneLighting":false,"audioPlay":false,"sceneViewState":{"showFog":true,"showMaterialUpdate":false,"showSkybox":false,"showFlares":true,"showImageEffects":true,"showParticleSystems":true},"in2DMode":false,"pivot":{"x":49.3604736328125,"y":8.221003532409668,"z":-59.14772415161133},"rotation":{"x":-0.08270163089036942,"y":-0.8550952076911926,"z":0.14397595822811128,"w":-0.4911777079105377},"size":1.4824292659759522,"orthographic":false}