{"cameraMode":{"drawMode":0,"name":"Shaded","section":"Shading Mode"},"sceneLighting":false,"audioPlay":false,"sceneViewState":{"showFog":true,"showMaterialUpdate":false,"showSkybox":false,"showFlares":true,"showImageEffects":true,"showParticleSystems":true},"in2DMode":false,"pivot":{"x":46.821319580078128,"y":9.4047212600708,"z":-58.27238845825195},"rotation":{"x":-0.12415840476751328,"y":-0.6991536021232605,"z":0.1252824068069458,"w":-0.6928820610046387},"size":1.9515111446380616,"orthographic":false}