{"cameraMode":{"drawMode":0,"name":"Shaded","section":"Shading Mode"},"sceneLighting":true,"audioPlay":false,"sceneViewState":{"showFog":true,"showMaterialUpdate":false,"showSkybox":true,"showFlares":true,"showImageEffects":true,"showParticleSystems":true},"in2DMode":false,"pivot":{"x":32.69706344604492,"y":17.577531814575197,"z":3.81418776512146},"rotation":{"x":0.20805567502975465,"y":0.33967864513397219,"z":-0.07730438560247421,"w":0.9140151143074036},"size":3.642456531524658,"orthographic":false}