{"cameraMode":{"drawMode":0,"name":"Shaded","section":"Shading Mode"},"sceneLighting":false,"audioPlay":false,"sceneViewState":{"showFog":true,"showMaterialUpdate":false,"showSkybox":false,"showFlares":true,"showImageEffects":true,"showParticleSystems":true},"in2DMode":false,"pivot":{"x":50.49761199951172,"y":-4.854647636413574,"z":-75.73382568359375},"rotation":{"x":-0.08270163089036942,"y":-0.8550952076911926,"z":0.14397595822811128,"w":-0.4911777079105377},"size":0.41643401980400088,"orthographic":false}