{"cameraMode":{"drawMode":0,"name":"Shaded","section":"Shading Mode"},"sceneLighting":false,"audioPlay":false,"sceneViewState":{"showFog":true,"showMaterialUpdate":false,"showSkybox":false,"showFlares":true,"showImageEffects":true,"showParticleSystems":true},"in2DMode":false,"pivot":{"x":-0.0012676715850830079,"y":-0.4393974840641022,"z":-0.0010833293199539185},"rotation":{"x":0.10405831784009934,"y":0.5856843590736389,"z":-0.07615949213504791,"w":0.8002321720123291},"size":1.2319848537445069,"orthographic":false}