{"cameraMode":{"drawMode":0,"name":"Shaded","section":"Shading Mode"},"sceneLighting":true,"audioPlay":false,"sceneViewState":{"showFog":true,"showMaterialUpdate":false,"showSkybox":true,"showFlares":true,"showImageEffects":true,"showParticleSystems":true},"in2DMode":false,"pivot":{"x":975.7557983398438,"y":621.8439331054688,"z":157.53216552734376},"rotation":{"x":-0.11555062234401703,"y":-0.002386500360444188,"z":0.0002776989422272891,"w":-0.9932993650436401},"size":1624.372314453125,"orthographic":false}