{"cameraMode":{"drawMode":0,"name":"Shaded","section":"Shading Mode"},"sceneLighting":false,"audioPlay":false,"sceneViewState":{"showFog":true,"showMaterialUpdate":false,"showSkybox":false,"showFlares":true,"showImageEffects":true,"showParticleSystems":true},"in2DMode":false,"pivot":{"x":-7.0,"y":0.2500001788139343,"z":-2.9802322387695315e-8},"rotation":{"x":-0.1552809476852417,"y":0.07017125189304352,"z":-0.01105857826769352,"w":-0.9853148460388184},"size":1.2016116380691529,"orthographic":false}