{"cameraMode":{"drawMode":0,"name":"Shaded","section":"Shading Mode"},"sceneLighting":true,"audioPlay":false,"sceneViewState":{"showFog":true,"showMaterialUpdate":false,"showSkybox":true,"showFlares":true,"showImageEffects":true,"showParticleSystems":true},"in2DMode":false,"pivot":{"x":8.5928955078125,"y":1.9655365943908692,"z":-8.876062393188477},"rotation":{"x":0.001184751046821475,"y":-0.09077998995780945,"z":-0.00011549010378075764,"w":-0.995883584022522},"size":22.0,"orthographic":false}