{"cameraMode":{"drawMode":0,"name":"Shaded","section":"Shading Mode"},"sceneLighting":false,"audioPlay":false,"sceneViewState":{"showFog":true,"showMaterialUpdate":false,"showSkybox":false,"showFlares":true,"showImageEffects":true,"showParticleSystems":true},"in2DMode":false,"pivot":{"x":0.05498623847961426,"y":-1.7913817167282105,"z":-0.27802401781082156},"rotation":{"x":-0.33047008514404299,"y":0.20360010862350465,"z":-0.07323960959911347,"w":-0.9186815023422241},"size":7.055764675140381,"orthographic":false}