{"cameraMode":{"drawMode":0,"name":"Shaded","section":"Shading Mode"},"sceneLighting":true,"audioPlay":false,"sceneViewState":{"showFog":true,"showMaterialUpdate":false,"showSkybox":true,"showFlares":true,"showImageEffects":true,"showParticleSystems":true},"in2DMode":false,"pivot":{"x":-2.0736145973205568,"y":11.320125579833985,"z":46.65623474121094},"rotation":{"x":0.055738598108291629,"y":-0.038934022188186648,"z":0.0021745304111391308,"w":0.9976906776428223},"size":73.48014831542969,"orthographic":false}