{"cameraMode":{"drawMode":0,"name":"Shaded","section":"Shading Mode"},"sceneLighting":false,"audioPlay":false,"sceneViewState":{"showFog":true,"showMaterialUpdate":false,"showSkybox":false,"showFlares":true,"showImageEffects":true,"showParticleSystems":true},"in2DMode":false,"pivot":{"x":1.2312898635864258,"y":3.4800004959106447,"z":0.17750024795532227},"rotation":{"x":-0.2400979846715927,"y":0.13259318470954896,"z":-0.03312476724386215,"w":-0.9610817432403565},"size":56.28750228881836,"orthographic":false}