{"cameraMode":{"drawMode":0,"name":"Shaded","section":"Shading Mode"},"sceneLighting":false,"audioPlay":false,"sceneViewState":{"showFog":true,"showMaterialUpdate":false,"showSkybox":false,"showFlares":true,"showImageEffects":true,"showParticleSystems":true},"in2DMode":false,"pivot":{"x":1.8584644794464112,"y":-0.0007682722061872482,"z":0.9738870859146118},"rotation":{"x":0.03128771483898163,"y":0.40258675813674929,"z":0.013769948855042458,"w":-0.9147449135780335},"size":6.547558307647705,"orthographic":false}