{"cameraMode":{"drawMode":0,"name":"Shaded","section":"Shading Mode"},"sceneLighting":false,"audioPlay":false,"sceneViewState":{"showFog":true,"showMaterialUpdate":false,"showSkybox":false,"showFlares":true,"showImageEffects":true,"showParticleSystems":true},"in2DMode":false,"pivot":{"x":46.4794807434082,"y":7.249660015106201,"z":-59.81999206542969},"rotation":{"x":-0.08270163089036942,"y":-0.8550952076911926,"z":0.14397595822811128,"w":-0.4911777079105377},"size":0.6687926054000855,"orthographic":false}