{"cameraMode":{"drawMode":0,"name":"Shaded","section":"Shading Mode"},"sceneLighting":false,"audioPlay":false,"sceneViewState":{"showFog":true,"showMaterialUpdate":false,"showSkybox":false,"showFlares":true,"showImageEffects":true,"showParticleSystems":true},"in2DMode":false,"pivot":{"x":0.029217243194580079,"y":0.12298184633255005,"z":0.002219676971435547},"rotation":{"x":-0.33047008514404299,"y":0.20360010862350465,"z":-0.07323960959911347,"w":-0.9186815023422241},"size":6.381414413452148,"orthographic":false}