{"cameraMode":{"drawMode":0,"name":"Shaded","section":"Shading Mode"},"sceneLighting":false,"audioPlay":false,"sceneViewState":{"showFog":true,"showMaterialUpdate":false,"showSkybox":false,"showFlares":true,"showImageEffects":true,"showParticleSystems":true},"in2DMode":false,"pivot":{"x":9.240339279174805,"y":19.162792205810548,"z":-0.6249061822891235},"rotation":{"x":-0.11546055227518082,"y":0.039321593940258029,"z":-0.004574183374643326,"w":-0.9925243258476257},"size":74.48516082763672,"orthographic":false}