{"cameraMode":{"drawMode":0,"name":"Shaded","section":"Shading Mode"},"sceneLighting":false,"audioPlay":false,"sceneViewState":{"showFog":true,"showMaterialUpdate":false,"showSkybox":false,"showFlares":true,"showImageEffects":true,"showParticleSystems":true},"in2DMode":false,"pivot":{"x":46.92483139038086,"y":8.461194038391114,"z":-57.409393310546878},"rotation":{"x":-0.08270163089036942,"y":-0.8550952076911926,"z":0.14397595822811128,"w":-0.4911777079105377},"size":1.035906434059143,"orthographic":false}