{"cameraMode":{"drawMode":0,"name":"Shaded","section":"Shading Mode"},"sceneLighting":false,"audioPlay":false,"sceneViewState":{"showFog":true,"showMaterialUpdate":false,"showSkybox":false,"showFlares":true,"showImageEffects":true,"showParticleSystems":true},"in2DMode":false,"pivot":{"x":45.181636810302737,"y":10.10258960723877,"z":-59.05432891845703},"rotation":{"x":-0.12415840476751328,"y":-0.6991536021232605,"z":0.1252824068069458,"w":-0.6928820610046387},"size":2.7024171352386476,"orthographic":false}