{"cameraMode":{"drawMode":0,"name":"Shaded","section":"Shading Mode"},"sceneLighting":false,"audioPlay":false,"sceneViewState":{"showFog":true,"showMaterialUpdate":false,"showSkybox":false,"showFlares":true,"showImageEffects":true,"showParticleSystems":true},"in2DMode":false,"pivot":{"x":0.3299999237060547,"y":1.2157723903656006,"z":-0.6000022888183594},"rotation":{"x":-0.1868482083082199,"y":0.1166931688785553,"z":-0.022358842194080354,"w":-0.9751788377761841},"size":7.9455156326293949,"orthographic":false}