{"cameraMode":{"drawMode":0,"name":"Shaded","section":"Shading Mode"},"sceneLighting":false,"audioPlay":false,"sceneViewState":{"showFog":true,"showMaterialUpdate":false,"showSkybox":false,"showFlares":true,"showImageEffects":true,"showParticleSystems":true},"in2DMode":false,"pivot":{"x":-0.014290809631347657,"y":1.875,"z":0.0020317435264587404},"rotation":{"x":-0.33047008514404299,"y":0.20360010862350465,"z":-0.07323960959911347,"w":-0.9186815023422241},"size":12.069148063659668,"orthographic":false}