{"cameraMode":{"drawMode":0,"name":"Shaded","section":"Shading Mode"},"sceneLighting":false,"audioPlay":false,"sceneViewState":{"showFog":true,"showMaterialUpdate":false,"showSkybox":false,"showFlares":true,"showImageEffects":true,"showParticleSystems":true},"in2DMode":false,"pivot":{"x":0.1834026724100113,"y":-0.3836767077445984,"z":6.028043270111084},"rotation":{"x":-0.17984536290168763,"y":0.7310342788696289,"z":-0.21085286140441895,"w":-0.6235291957855225},"size":6.602284908294678,"orthographic":false}