{"cameraMode":{"drawMode":0,"name":"Shaded","section":"Shading Mode"},"sceneLighting":false,"audioPlay":false,"sceneViewState":{"showFog":true,"showMaterialUpdate":false,"showSkybox":false,"showFlares":true,"showImageEffects":true,"showParticleSystems":true},"in2DMode":false,"pivot":{"x":0.035175204277038577,"y":0.29902690649032595,"z":0.026208877563476564},"rotation":{"x":-0.1868482083082199,"y":0.1166931688785553,"z":-0.022358842194080354,"w":-0.9751788377761841},"size":1.5964144468307496,"orthographic":false}