{"cameraMode":{"drawMode":0,"name":"Shaded","section":"Shading Mode"},"sceneLighting":true,"audioPlay":false,"sceneViewState":{"showFog":true,"showMaterialUpdate":false,"showSkybox":true,"showFlares":true,"showImageEffects":true,"showParticleSystems":true},"in2DMode":false,"pivot":{"x":-0.799999475479126,"y":21.764965057373048,"z":53.70000457763672},"rotation":{"x":0.01980670355260372,"y":0.011992664076387883,"z":-0.000236706473515369,"w":0.9997379779815674},"size":87.39952850341797,"orthographic":false}