{"cameraMode":{"drawMode":0,"name":"Shaded","section":"Shading Mode"},"sceneLighting":true,"audioPlay":false,"sceneViewState":{"showFog":true,"showMaterialUpdate":false,"showSkybox":true,"showFlares":true,"showImageEffects":true,"showParticleSystems":true},"in2DMode":false,"pivot":{"x":2.89263653755188,"y":15.15058422088623,"z":-6.829018592834473},"rotation":{"x":-0.10643898695707321,"y":-0.05605434626340866,"z":0.006002957001328468,"w":-0.9927330613136292},"size":16.759109497070314,"orthographic":false}