{"cameraMode":{"drawMode":0,"name":"Shaded","section":"Shading Mode"},"sceneLighting":false,"audioPlay":false,"sceneViewState":{"showFog":true,"showMaterialUpdate":false,"showSkybox":false,"showFlares":true,"showImageEffects":true,"showParticleSystems":true},"in2DMode":false,"pivot":{"x":3.7211155891418459,"y":2.238314390182495,"z":0.0},"rotation":{"x":0.04226509854197502,"y":-0.03895982727408409,"z":0.001648922567255795,"w":0.9983522295951843},"size":4.115352630615234,"orthographic":false}