{"cameraMode":{"drawMode":0,"name":"Shaded","section":"Shading Mode"},"sceneLighting":true,"audioPlay":false,"sceneViewState":{"showFog":true,"showMaterialUpdate":false,"showSkybox":true,"showFlares":true,"showImageEffects":true,"showParticleSystems":true},"in2DMode":false,"pivot":{"x":2.8546128273010256,"y":16.78189468383789,"z":0.13120734691619874},"rotation":{"x":-0.007809012196958065,"y":-0.01590321771800518,"z":0.00011481856199679896,"w":-0.9998579025268555},"size":19.126821517944337,"orthographic":false}