{"cameraMode":{"drawMode":0,"name":"Shaded","section":"Shading Mode"},"sceneLighting":false,"audioPlay":false,"sceneViewState":{"showFog":true,"showMaterialUpdate":false,"showSkybox":false,"showFlares":true,"showImageEffects":true,"showParticleSystems":true},"in2DMode":false,"pivot":{"x":9.048816680908204,"y":9.986109733581543,"z":1.0369380712509156},"rotation":{"x":0.013016772456467152,"y":0.7031615376472473,"z":-0.012875166721642018,"w":0.7108010053634644},"size":5.891678810119629,"orthographic":false}