{"cameraMode":{"drawMode":0,"name":"Shaded","section":"Shading Mode"},"sceneLighting":false,"audioPlay":false,"sceneViewState":{"showFog":true,"showMaterialUpdate":false,"showSkybox":false,"showFlares":true,"showImageEffects":true,"showParticleSystems":true},"in2DMode":false,"pivot":{"x":-1.6539156436920167,"y":0.2921549677848816,"z":-7.244067668914795},"rotation":{"x":0.15286380052566529,"y":0.32007893919944765,"z":-0.05241367593407631,"w":0.9335207939147949},"size":1.232513189315796,"orthographic":false}