{"cameraMode":{"drawMode":0,"name":"Shaded","section":"Shading Mode"},"sceneLighting":true,"audioPlay":false,"sceneViewState":{"showFog":true,"showMaterialUpdate":false,"showSkybox":true,"showFlares":true,"showImageEffects":true,"showParticleSystems":true},"in2DMode":false,"pivot":{"x":-2.7841382026672365,"y":5.141735553741455,"z":-16.022319793701173},"rotation":{"x":-0.01978200487792492,"y":0.05156352370977402,"z":-0.001030603307299316,"w":-0.9984884858131409},"size":7.273653984069824,"orthographic":false}