{"cameraMode":{"drawMode":0,"name":"Shaded","section":"Shading Mode"},"sceneLighting":false,"audioPlay":false,"sceneViewState":{"showFog":true,"showMaterialUpdate":false,"showSkybox":false,"showFlares":true,"showImageEffects":true,"showParticleSystems":true},"in2DMode":false,"pivot":{"x":-1.1920928955078126e-7,"y":0.17706775665283204,"z":1.2891682388271875e-8},"rotation":{"x":-0.2400979846715927,"y":0.13259318470954896,"z":-0.03312476724386215,"w":-0.9610817432403565},"size":6.746573448181152,"orthographic":false}