{"cameraMode":{"drawMode":0,"name":"Shaded","section":"Shading Mode"},"sceneLighting":false,"audioPlay":false,"sceneViewState":{"showFog":true,"showMaterialUpdate":false,"showSkybox":false,"showFlares":true,"showImageEffects":true,"showParticleSystems":true},"in2DMode":false,"pivot":{"x":-0.007478773593902588,"y":0.7660965323448181,"z":-0.037451863288879397},"rotation":{"x":0.025173500180244447,"y":0.03358010947704315,"z":0.0008462074911221862,"w":-0.9991199970245361},"size":3.039390802383423,"orthographic":false}