{"cameraMode":{"drawMode":0,"name":"Shaded","section":"Shading Mode"},"sceneLighting":false,"audioPlay":false,"sceneViewState":{"showFog":true,"showMaterialUpdate":false,"showSkybox":false,"showFlares":true,"showImageEffects":true,"showParticleSystems":true},"in2DMode":false,"pivot":{"x":-2.75,"y":9.234932899475098,"z":-3.053903102874756},"rotation":{"x":0.005466905888170004,"y":0.9741074442863464,"z":-0.02368454448878765,"w":0.22479625046253205},"size":5.871496200561523,"orthographic":false}