{"cameraMode":{"drawMode":0,"name":"Shaded","section":"Shading Mode"},"sceneLighting":false,"audioPlay":false,"sceneViewState":{"showFog":true,"showMaterialUpdate":false,"showSkybox":false,"showFlares":true,"showImageEffects":true,"showParticleSystems":true},"in2DMode":false,"pivot":{"x":0.39942634105682375,"y":0.7462829351425171,"z":1.6280269622802735},"rotation":{"x":-0.06246271729469299,"y":0.9307754635810852,"z":-0.18994662165641786,"w":-0.306074321269989},"size":0.30161088705062868,"orthographic":false}