{"cameraMode":{"drawMode":0,"name":"Shaded","section":"Shading Mode"},"sceneLighting":false,"audioPlay":false,"sceneViewState":{"showFog":true,"showMaterialUpdate":false,"showSkybox":false,"showFlares":true,"showImageEffects":true,"showParticleSystems":true},"in2DMode":false,"pivot":{"x":0.41333329677581789,"y":-0.5043627619743347,"z":0.12167361378669739},"rotation":{"x":0.15579955279827119,"y":0.2277403622865677,"z":-0.036942366510629657,"w":0.9604802131652832},"size":1.0769935846328736,"orthographic":false}