{"cameraMode":{"drawMode":0,"name":"Shaded","section":"Shading Mode"},"sceneLighting":true,"audioPlay":false,"sceneViewState":{"showFog":true,"showMaterialUpdate":false,"showSkybox":true,"showFlares":true,"showImageEffects":true,"showParticleSystems":true},"in2DMode":false,"pivot":{"x":34.32508850097656,"y":18.191207885742189,"z":70.45821380615235},"rotation":{"x":-0.10954399406909943,"y":0.028916865587234498,"z":-0.003193445736542344,"w":-0.9935688376426697},"size":29.367897033691408,"orthographic":false}