{"cameraMode":{"drawMode":0,"name":"Shaded","section":"Shading Mode"},"sceneLighting":true,"audioPlay":false,"sceneViewState":{"showFog":true,"showMaterialUpdate":false,"showSkybox":true,"showFlares":true,"showImageEffects":true,"showParticleSystems":true},"in2DMode":false,"pivot":{"x":2.9915177822113039,"y":11.577171325683594,"z":2.1076905727386476},"rotation":{"x":-0.13306067883968354,"y":0.07188449054956436,"z":-0.009682032279670239,"w":-0.9884629845619202},"size":15.655317306518555,"orthographic":false}