{"cameraMode":{"drawMode":0,"name":"Shaded","section":"Shading Mode"},"sceneLighting":false,"audioPlay":false,"sceneViewState":{"showFog":true,"showMaterialUpdate":false,"showSkybox":false,"showFlares":true,"showImageEffects":true,"showParticleSystems":true},"in2DMode":false,"pivot":{"x":8.1337308883667,"y":12.930343627929688,"z":8.836688041687012},"rotation":{"x":-0.2400979846715927,"y":0.13259318470954896,"z":-0.03312476724386215,"w":-0.9610817432403565},"size":44.974693298339847,"orthographic":false}