{"cameraMode":{"drawMode":0,"name":"Shaded","section":"Shading Mode"},"sceneLighting":false,"audioPlay":false,"sceneViewState":{"showFog":true,"showMaterialUpdate":false,"showSkybox":false,"showFlares":true,"showImageEffects":true,"showParticleSystems":true},"in2DMode":false,"pivot":{"x":44.82025146484375,"y":8.90509033203125,"z":-57.897884368896487},"rotation":{"x":-0.08270163089036942,"y":-0.8550952076911926,"z":0.14397595822811128,"w":-0.4911777079105377},"size":3.7490224838256838,"orthographic":false}