{"cameraMode":{"drawMode":0,"name":"Shaded","section":"Shading Mode"},"sceneLighting":false,"audioPlay":false,"sceneViewState":{"showFog":true,"showMaterialUpdate":false,"showSkybox":false,"showFlares":true,"showImageEffects":true,"showParticleSystems":true},"in2DMode":false,"pivot":{"x":0.29866403341293337,"y":0.7437232732772827,"z":0.1596965789794922},"rotation":{"x":-0.2026989609003067,"y":0.1699921041727066,"z":-0.0357547290623188,"w":-0.9637119770050049},"size":1.743342638015747,"orthographic":false}