{"cameraMode":{"drawMode":0,"name":"Shaded","section":"Shading Mode"},"sceneLighting":true,"audioPlay":false,"sceneViewState":{"showFog":true,"showMaterialUpdate":false,"showSkybox":true,"showFlares":true,"showImageEffects":true,"showParticleSystems":true},"in2DMode":false,"pivot":{"x":5.5754923820495609,"y":-3.7591915130615236,"z":0.0},"rotation":{"x":0.016807282343506814,"y":0.015310384333133698,"z":-0.00024027076142374426,"w":0.9997753500938416},"size":9.32509708404541,"orthographic":false}