{"cameraMode":{"drawMode":0,"name":"Shaded","section":"Shading Mode"},"sceneLighting":false,"audioPlay":false,"sceneViewState":{"showFog":true,"showMaterialUpdate":false,"showSkybox":false,"showFlares":true,"showImageEffects":true,"showParticleSystems":true},"in2DMode":false,"pivot":{"x":0.04137754440307617,"y":0.39219650626182558,"z":0.0},"rotation":{"x":-0.1868482083082199,"y":0.1166931688785553,"z":-0.022358842194080354,"w":-0.9751788377761841},"size":7.2578043937683109,"orthographic":false}