{"cameraMode":{"drawMode":0,"name":"Shaded","section":"Shading Mode"},"sceneLighting":false,"audioPlay":false,"sceneViewState":{"showFog":true,"showMaterialUpdate":false,"showSkybox":false,"showFlares":true,"showImageEffects":true,"showParticleSystems":true},"in2DMode":false,"pivot":{"x":46.40864562988281,"y":10.532636642456055,"z":-58.73413848876953},"rotation":{"x":-0.12415840476751328,"y":-0.6991536021232605,"z":0.1252824068069458,"w":-0.6928820610046387},"size":2.358112335205078,"orthographic":false}