{"cameraMode":{"drawMode":0,"name":"Shaded","section":"Shading Mode"},"sceneLighting":false,"audioPlay":false,"sceneViewState":{"showFog":true,"showMaterialUpdate":false,"showSkybox":false,"showFlares":true,"showImageEffects":true,"showParticleSystems":true},"in2DMode":false,"pivot":{"x":-0.024985089898109437,"y":0.08889526128768921,"z":0.0},"rotation":{"x":-0.33047008514404299,"y":0.20360010862350465,"z":-0.07323960959911347,"w":-0.9186815023422241},"size":0.48234260082244875,"orthographic":false}